[
  {
    "ID": 170,
    "Name": "Abortion"
  },
  {
    "ID": 509,
    "Name": "Accumulation of fluid in the scrotum"
  },
  {
    "ID": 113,
    "Name": "Acute inflammation of lung"
  },
  {
    "ID": 495,
    "Name": "Bloated belly"
  },
  {
    "ID": 211,
    "Name": "Chronic tiredness syndrome"
  },
  {
    "ID": 80,
    "Name": "Cold"
  },
  {
    "ID": 53,
    "Name": "Constipation"
  },
  {
    "ID": 86,
    "Name": "Coronary heart disease"
  },
  {
    "ID": 47,
    "Name": "Depression"
  },
  {
    "ID": 266,
    "Name": "Disturbed testicular descent"
  },
  {
    "ID": 431,
    "Name": "Drug side effect"
  },
  {
    "ID": 237,
    "Name": "Erection problems"
  },
  {
    "ID": 181,
    "Name": "Excessive feeling of fear"
  },
  {
    "ID": 11,
    "Name": "Flu"
  },
  {
    "ID": 281,
    "Name": "Food poisoning"
  },
  {
    "ID": 107,
    "Name": "German measles"
  },
  {
    "ID": 104,
    "Name": "Headache"
  },
  {
    "ID": 87,
    "Name": "Heart attack"
  },
  {
    "ID": 434,
    "Name": "Heart racing"
  },
  {
    "ID": 130,
    "Name": "Hernia"
  },
  {
    "ID": 209,
    "Name": "Huntington's disease"
  },
  {
    "ID": 15,
    "Name": "Hypersensitivity reaction"
  },
  {
    "ID": 83,
    "Name": "Inflammation of the brain covering membranes"
  },
  {
    "ID": 235,
    "Name": "Inflammation of the epididymis"
  },
  {
    "ID": 44,
    "Name": "Inflammation of the nose and throat"
  },
  {
    "ID": 504,
    "Name": "Inflammation of the prostate"
  },
  {
    "ID": 331,
    "Name": "Inflammation of the testes"
  },
  {
    "ID": 131,
    "Name": "Joint infection"
  },
  {
    "ID": 324,
    "Name": "Kidney stones"
  },
  {
    "ID": 109,
    "Name": "Kissing disease"
  },
  {
    "ID": 166,
    "Name": "Listeria infection"
  },
  {
    "ID": 51,
    "Name": "Loose watery stools"
  },
  {
    "ID": 79,
    "Name": "Lyme disease"
  },
  {
    "ID": 357,
    "Name": "Malignant prostate cancer"
  },
  {
    "ID": 50,
    "Name": "Menopause"
  },
  {
    "ID": 489,
    "Name": "Menstrual cramps"
  },
  {
    "ID": 347,
    "Name": "Narrowing of foreskin"
  },
  {
    "ID": 167,
    "Name": "Obstruction of a pulmonary artery"
  },
  {
    "ID": 446,
    "Name": "Pregnancy"
  },
  {
    "ID": 18,
    "Name": "Reflux disease"
  },
  {
    "ID": 376,
    "Name": "Scarlet fever"
  },
  {
    "ID": 68,
    "Name": "Shaking palsy"
  },
  {
    "ID": 67,
    "Name": "Sick headache"
  },
  {
    "ID": 103,
    "Name": "Slipped disc"
  },
  {
    "ID": 19,
    "Name": "Smoking"
  },
  {
    "ID": 510,
    "Name": "Sperm cyst"
  },
  {
    "ID": 476,
    "Name": "Stomach bleeding"
  },
  {
    "ID": 488,
    "Name": "Strain of the back muscles"
  },
  {
    "ID": 151,
    "Name": "Torsion of testes"
  },
  {
    "ID": 497,
    "Name": "Tubal and ovarian inflammation"
  },
  {
    "ID": 59,
    "Name": "Urinary tract infection"
  }
]
