{
  "project_info": {
    "project_number": "601680736525",
    "project_id": "se-draft2",
    "storage_bucket": "se-draft2.appspot.com"
  },
  "client": [
    {
      "client_info": {
        "mobilesdk_app_id": "1:601680736525:android:abbf45bb2627bc88a7c044",
        "android_client_info": {
          "package_name": "com.example.flutter_application_2"
        }
      },
      "oauth_client": [
        {
          "client_id": "601680736525-9eof7b71to7a6bu01uba55blj8fbthvj.apps.googleusercontent.com",
          "client_type": 3
        }
      ],
      "api_key": [
        {
          "current_key": "AIzaSyA4uiBDyKe5DUSbuiSMLiyK3Kc5dxxypuA"
        }
      ],
      "services": {
        "appinvite_service": {
          "other_platform_oauth_client": [
            {
              "client_id": "601680736525-9eof7b71to7a6bu01uba55blj8fbthvj.apps.googleusercontent.com",
              "client_type": 3
            }
          ]
        }
      }
    }
  ],
  "configuration_version": "1"
}